movie,cast
The Shawshank Redemption,
The Godfather,
The Godfather: Part II,
The Dark Knight,
12 Angry Men,
Schindler's List,
The Lord of the Rings: The Return of the King,
Pulp Fiction,
"The Good, the Bad and the Ugly",
movie,cast
The Shawshank Redemption,
The Godfather,
The Godfather: Part II,
The Dark Knight,
12 Angry Men,
Schindler's List,
The Lord of the Rings: The Return of the King,
Pulp Fiction,
"The Good, the Bad and the Ugly",
movie,cast
The Shawshank Redemption,
The Godfather,
The Godfather: Part II,
The Dark Knight,
12 Angry Men,
Schindler's List,
The Lord of the Rings: The Return of the King,
Pulp Fiction,
"The Good, the Bad and the Ugly",
movie,cast
The Shawshank Redemption,
The Godfather,
The Godfather: Part II,
The Dark Knight,
12 Angry Men,
Schindler's List,
The Lord of the Rings: The Return of the King,
Pulp Fiction,
"The Good, the Bad and the Ugly",
